price_unit_id,one_gigabyte,koef_gigabyte,one_minutes,koef_minutes,one_sms,koef_sms,created_date
1,2.0,0.6,5.0,0.1,0.2,1.5,'2027-01-16'
2,0.5,0.8,0.2,0.7,5.0,1.5,'2024-11-21'
3,1.0,0.8,5.0,0.5,5.0,0.6,'2026-11-27'
4,2.0,0.3,0.1,0.4,0.5,0.5,'2025-11-27'
5,1.0,0.5,1.0,1.5,1.0,0.7,'2024-08-14'
6,1.0,1.2,5.0,0.1,5.0,1.2,'2027-06-11'
7,5.0,1.5,0.1,0.9,1.0,1.0,'2026-07-22'
8,0.2,0.2,0.5,1.0,0.1,2.0,'2023-11-29'
9,1.0,0.1,0.1,1.0,5.0,1.5,'2023-03-25'
10,0.1,0.9,0.5,1.2,2.0,0.6,'2027-09-15'
11,1.0,0.4,1.0,0.8,5.0,0.1,'2027-05-02'
12,0.1,0.6,0.1,0.6,2.0,0.5,'2028-04-28'
13,0.5,0.5,0.1,0.6,1.0,0.8,'2026-08-27'
14,0.1,0.8,5.0,0.4,0.1,0.7,'2028-05-14'
15,5.0,0.9,5.0,0.5,1.0,1.2,'2026-07-19'
16,1.0,0.1,5.0,0.8,2.0,0.4,'2027-08-14'
17,5.0,0.4,0.2,1.2,0.5,1.5,'2026-09-15'
18,1.0,1.5,0.1,0.1,0.2,1.5,'2024-11-02'
19,0.2,1.0,0.5,0.8,1.0,0.7,'2026-10-29'
20,1.0,1.2,2.0,0.8,1.0,0.7,'2026-03-10'
21,2.0,0.5,5.0,1.0,2.0,0.2,'2028-06-11'
22,0.5,0.4,0.1,1.2,5.0,0.4,'2028-01-17'
23,5.0,0.3,2.0,0.4,0.2,0.7,'2024-04-01'
24,5.0,0.2,1.0,0.4,5.0,0.3,'2028-09-03'
25,5.0,0.3,0.2,0.7,2.0,1.2,'2026-01-17'
26,0.2,0.6,0.2,0.1,5.0,0.6,'2023-09-02'
27,0.1,0.8,2.0,0.7,1.0,0.4,'2028-06-05'
28,2.0,0.2,0.1,0.9,0.1,0.5,'2024-12-31'
29,0.5,2.0,5.0,0.4,2.0,0.5,'2027-09-02'
30,0.5,1.2,2.0,0.2,0.1,0.9,'2027-08-29'
31,1.0,1.0,0.5,0.4,0.5,1.2,'2023-03-22'
32,0.2,1.0,0.2,0.3,0.2,1.2,'2028-09-16'
33,0.2,0.3,2.0,2.0,5.0,1.0,'2025-11-26'
34,0.1,0.7,1.0,0.8,5.0,1.5,'2023-01-28'
35,0.1,0.2,2.0,0.3,2.0,0.1,'2027-08-18'
36,0.5,0.3,5.0,0.4,0.2,0.3,'2027-01-28'
37,5.0,0.6,2.0,0.6,2.0,0.3,'2026-03-09'
38,1.0,1.5,0.2,1.5,0.1,0.7,'2027-10-02'
39,2.0,0.3,0.2,0.5,0.2,0.2,'2023-05-08'
40,2.0,0.9,0.2,0.6,2.0,1.5,'2023-03-28'
41,1.0,0.5,0.1,0.3,0.2,0.2,'2026-12-08'
42,0.2,1.5,0.1,0.2,5.0,2.0,'2029-08-20'
43,2.0,1.2,1.0,0.7,0.5,0.8,'2029-10-05'
44,1.0,1.2,5.0,0.2,0.2,2.0,'2023-06-28'
45,0.5,1.5,1.0,0.2,0.5,1.2,'2024-06-17'
46,2.0,0.3,5.0,0.7,0.2,0.8,'2027-08-01'
47,0.1,0.2,0.5,0.4,1.0,0.4,'2028-02-20'
48,2.0,0.8,5.0,0.8,1.0,0.2,'2023-03-10'
49,1.0,0.7,1.0,1.5,0.2,0.7,'2024-10-24'
50,0.5,0.7,0.2,1.2,1.0,0.4,'2028-07-14'
51,0.1,0.4,0.5,0.4,2.0,0.5,'2025-07-04'
52,2.0,1.2,0.2,1.2,5.0,0.7,'2028-05-13'
53,0.1,2.0,2.0,0.3,0.2,1.5,'2028-11-20'
54,2.0,0.9,0.5,0.1,2.0,2.0,'2023-10-19'
55,0.2,1.2,0.5,0.8,0.5,0.3,'2024-05-13'
56,0.1,0.6,2.0,0.3,1.0,0.5,'2029-07-29'
57,0.1,0.1,0.2,1.0,2.0,1.2,'2029-12-04'
58,5.0,0.4,1.0,0.8,0.1,0.6,'2025-02-21'
59,0.5,0.6,0.5,1.5,0.2,1.2,'2029-02-11'
60,5.0,0.6,2.0,2.0,1.0,0.4,'2027-02-10'
61,0.5,0.1,0.2,0.4,1.0,0.5,'2028-08-27'
62,2.0,1.5,2.0,2.0,1.0,0.1,'2024-04-19'
63,0.5,0.2,0.5,0.2,0.2,1.0,'2026-03-26'
64,0.1,0.5,0.1,0.9,0.5,0.1,'2023-05-06'
65,5.0,2.0,2.0,0.8,5.0,1.2,'2024-10-08'
66,5.0,1.5,0.5,1.5,0.1,1.2,'2027-10-19'
67,0.2,0.1,1.0,2.0,0.1,1.5,'2026-03-03'
68,0.2,0.9,0.5,0.7,0.1,1.2,'2028-09-16'
69,0.5,0.2,2.0,0.5,1.0,0.2,'2029-12-07'
70,1.0,0.5,2.0,1.5,0.5,0.4,'2024-08-29'
71,5.0,0.4,0.2,1.5,2.0,1.2,'2027-11-10'
72,1.0,2.0,0.2,0.3,5.0,0.8,'2026-01-01'
73,0.1,1.2,1.0,2.0,5.0,0.5,'2027-02-03'
74,0.5,1.2,0.2,0.6,1.0,2.0,'2027-06-07'
75,5.0,0.2,1.0,0.5,0.2,0.2,'2023-02-15'
76,0.1,1.0,0.5,1.0,2.0,0.1,'2024-06-22'
77,1.0,0.3,2.0,0.6,0.1,2.0,'2024-08-09'
78,0.2,0.1,5.0,2.0,0.2,0.5,'2024-03-01'
79,0.1,0.1,2.0,0.9,0.1,0.2,'2023-10-04'
80,1.0,0.8,0.1,0.3,2.0,0.6,'2026-10-28'
81,5.0,0.8,1.0,0.2,2.0,0.2,'2026-01-27'
82,5.0,0.4,5.0,0.1,0.2,0.8,'2025-01-22'
83,0.5,0.7,0.1,1.0,1.0,1.5,'2026-05-30'
84,2.0,0.4,1.0,2.0,0.2,0.5,'2024-06-10'
85,2.0,0.4,2.0,2.0,0.1,0.5,'2025-02-15'
86,5.0,0.8,0.2,0.4,0.5,1.5,'2023-03-31'
87,0.5,0.4,1.0,0.6,0.2,0.9,'2024-02-05'
88,0.1,0.2,1.0,0.1,0.5,1.2,'2026-04-18'
89,5.0,1.0,2.0,0.6,1.0,0.3,'2029-05-31'
90,1.0,1.2,0.1,0.1,0.1,0.9,'2027-02-25'
91,0.5,1.5,1.0,0.9,5.0,0.8,'2026-08-29'
92,5.0,0.8,1.0,0.6,0.1,1.5,'2027-07-08'
93,0.1,0.5,0.1,0.2,0.5,0.6,'2028-05-30'
94,0.1,0.3,1.0,1.0,5.0,0.8,'2023-11-20'
95,0.5,1.2,0.1,2.0,1.0,0.9,'2027-03-09'
96,0.1,1.2,1.0,1.0,2.0,0.9,'2028-12-24'
97,0.2,0.2,0.1,1.0,5.0,0.4,'2026-01-15'
98,1.0,2.0,1.0,1.0,1.0,1.0,'2026-02-09'
99,2.0,0.1,1.0,1.2,5.0,0.4,'2023-01-24'
100,0.5,0.8,0.2,0.5,0.1,0.2,'2025-03-05'
101,0.2,1.2,1.0,1.0,0.1,0.5,'2029-02-22'
102,0.2,0.4,5.0,2.0,2.0,0.6,'2029-08-17'
103,5.0,0.2,0.1,2.0,0.1,2.0,'2027-09-07'
104,1.0,0.3,5.0,0.3,0.1,0.6,'2029-07-18'
105,5.0,1.5,0.1,0.6,5.0,0.1,'2028-07-24'
106,1.0,0.9,1.0,2.0,0.2,0.8,'2026-02-14'
107,2.0,0.7,0.5,2.0,0.5,0.3,'2025-06-29'
108,5.0,1.2,0.2,0.7,0.1,1.2,'2026-06-17'
109,1.0,1.0,5.0,0.9,0.2,0.1,'2027-05-14'
110,0.5,0.9,0.2,0.2,1.0,0.1,'2028-03-21'
111,0.1,0.7,5.0,0.7,0.5,2.0,'2029-03-04'
112,0.1,0.4,2.0,0.4,2.0,1.2,'2024-10-07'
113,5.0,0.7,0.1,0.4,0.5,1.5,'2025-02-10'
114,1.0,0.8,0.5,0.5,2.0,0.7,'2024-12-16'
115,1.0,1.5,1.0,0.5,5.0,0.6,'2023-09-07'
116,0.2,0.8,2.0,0.3,2.0,1.5,'2024-10-27'
117,0.2,0.6,2.0,0.7,0.5,0.6,'2029-10-12'
118,0.5,1.0,0.5,0.7,2.0,0.6,'2028-10-07'
119,2.0,0.6,0.1,0.4,0.2,1.5,'2027-08-26'
120,2.0,1.5,1.0,0.5,5.0,2.0,'2024-09-24'
121,2.0,1.5,0.1,0.5,1.0,0.6,'2028-01-27'
122,0.5,1.2,0.5,1.5,1.0,0.6,'2026-12-22'
123,0.1,0.6,2.0,0.5,2.0,0.8,'2027-04-05'
124,0.2,0.5,0.2,0.8,0.5,0.1,'2026-02-28'
125,0.2,0.1,5.0,1.0,2.0,0.6,'2028-07-10'
126,0.5,0.7,0.1,0.1,0.1,1.0,'2025-02-26'
127,0.1,0.2,0.5,0.7,5.0,0.6,'2027-03-29'
128,5.0,2.0,0.2,0.3,1.0,1.0,'2026-09-10'
129,0.5,0.7,0.1,2.0,5.0,0.3,'2028-07-04'
130,0.1,1.5,0.5,0.7,0.5,0.6,'2023-05-08'
131,0.5,1.0,0.5,0.1,0.2,2.0,'2028-07-15'
132,0.5,0.9,0.1,2.0,2.0,0.6,'2025-12-08'
133,0.5,0.8,1.0,2.0,0.2,0.5,'2025-01-20'
134,0.5,0.7,0.5,0.5,2.0,1.2,'2025-02-19'
135,5.0,1.2,0.1,0.6,0.1,2.0,'2026-09-16'
136,0.2,1.5,0.1,0.9,0.1,1.0,'2023-06-11'
137,1.0,0.1,0.2,2.0,1.0,0.4,'2024-11-16'
138,2.0,1.2,0.5,0.1,2.0,0.7,'2027-01-14'
139,0.5,0.1,0.2,1.5,0.5,0.1,'2028-02-17'
140,0.1,0.1,0.2,1.5,0.5,0.2,'2026-07-04'
141,5.0,1.0,0.1,0.6,0.2,1.5,'2029-03-13'
142,1.0,0.8,0.1,1.5,0.5,1.2,'2029-02-16'
143,5.0,1.0,0.5,0.7,0.1,0.2,'2029-03-17'
144,1.0,0.4,0.2,0.9,5.0,1.2,'2025-12-10'
145,0.2,0.7,0.2,1.2,2.0,0.1,'2023-09-18'
146,5.0,0.8,0.1,0.7,0.2,0.9,'2029-02-18'
147,1.0,0.6,5.0,0.5,0.2,0.7,'2025-08-06'
148,0.1,0.2,0.1,0.4,5.0,1.2,'2025-09-26'
149,0.2,0.7,0.5,0.1,0.1,0.9,'2028-08-31'
150,0.5,0.3,0.2,0.7,2.0,0.4,'2025-01-27'
151,0.1,0.4,0.2,0.8,2.0,0.2,'2024-06-26'
152,1.0,0.1,0.2,0.8,0.5,1.0,'2028-06-27'
153,2.0,0.9,0.1,0.1,5.0,0.4,'2028-06-06'
154,0.5,2.0,0.1,2.0,5.0,0.1,'2029-12-05'
155,0.2,0.4,0.2,0.8,0.1,2.0,'2027-09-25'
156,5.0,1.0,1.0,0.5,0.2,0.5,'2026-10-29'
157,0.2,2.0,0.2,0.4,0.5,0.6,'2029-10-01'
158,0.2,1.5,5.0,2.0,1.0,0.2,'2024-12-02'
159,1.0,0.2,0.5,0.5,1.0,2.0,'2025-09-28'
160,0.2,0.9,0.1,0.7,0.5,0.2,'2023-10-09'
161,5.0,0.6,0.2,1.2,5.0,2.0,'2027-02-24'
162,0.2,0.6,1.0,0.7,5.0,2.0,'2029-08-26'
163,2.0,0.8,0.1,0.1,0.5,0.2,'2029-04-08'
164,2.0,0.8,0.2,0.4,1.0,0.9,'2029-09-29'
165,1.0,1.2,5.0,1.0,1.0,0.5,'2026-03-13'
166,0.2,0.9,1.0,0.4,1.0,0.1,'2023-01-15'
167,1.0,1.2,5.0,0.6,1.0,0.7,'2024-06-27'
168,2.0,0.4,0.2,0.8,0.5,1.0,'2024-06-27'
169,2.0,0.8,0.1,0.2,0.2,0.4,'2024-04-30'
170,1.0,0.2,0.1,0.7,5.0,0.9,'2027-03-01'
171,2.0,1.5,0.5,0.4,0.2,0.3,'2027-10-30'
172,0.2,1.2,2.0,0.2,0.2,0.9,'2029-06-28'
173,2.0,0.8,1.0,0.7,5.0,1.2,'2023-05-10'
174,2.0,0.5,1.0,2.0,2.0,0.1,'2028-08-22'
175,0.1,0.3,1.0,0.2,0.2,1.2,'2024-11-05'
176,0.5,1.0,1.0,0.3,5.0,0.3,'2023-12-08'
177,0.1,1.2,0.2,0.1,0.1,0.2,'2024-04-26'
178,2.0,1.2,5.0,1.5,2.0,1.5,'2024-09-06'
179,0.1,2.0,1.0,0.1,0.2,0.2,'2026-05-13'
180,2.0,0.5,5.0,0.1,1.0,1.5,'2025-03-26'
181,5.0,0.3,0.5,1.5,2.0,0.2,'2026-12-11'
182,0.2,2.0,0.1,0.3,0.5,1.2,'2024-03-07'
183,2.0,1.2,0.1,0.5,0.1,1.0,'2028-11-23'
184,2.0,0.9,0.1,0.9,0.1,2.0,'2025-06-08'
185,1.0,1.0,1.0,0.4,0.1,2.0,'2023-10-27'
186,5.0,1.5,0.1,0.5,1.0,0.1,'2024-07-28'
187,0.1,1.2,0.1,0.4,2.0,1.5,'2023-10-09'
188,2.0,1.2,0.5,2.0,0.1,1.5,'2025-01-09'
189,0.1,0.3,0.1,1.2,2.0,0.9,'2027-01-03'
190,0.2,0.4,0.1,0.6,0.1,0.3,'2024-06-02'
191,2.0,0.1,0.2,2.0,2.0,2.0,'2028-08-24'
192,0.1,2.0,0.2,0.8,1.0,1.2,'2026-06-04'
193,2.0,1.5,0.5,0.8,5.0,0.7,'2024-03-14'
194,5.0,1.5,2.0,2.0,5.0,0.9,'2025-05-10'
195,2.0,0.8,5.0,0.1,2.0,0.6,'2026-04-25'
196,1.0,0.3,2.0,1.0,1.0,1.0,'2027-10-24'
197,0.1,0.8,1.0,0.6,5.0,0.8,'2027-06-12'
198,5.0,1.5,0.2,0.6,0.5,1.2,'2025-05-25'
199,0.5,0.5,0.2,0.8,0.1,0.2,'2023-06-12'
200,0.1,0.8,0.2,0.1,1.0,0.1,'2027-03-24'
201,5.0,1.5,0.1,0.1,5.0,1.2,'2025-01-09'
202,1.0,0.4,2.0,0.8,2.0,1.2,'2028-05-08'
203,5.0,0.6,0.5,0.7,2.0,0.1,'2025-09-04'
204,2.0,0.1,5.0,0.1,0.5,0.4,'2023-12-28'
205,5.0,0.2,2.0,1.5,1.0,1.5,'2025-09-13'
206,0.1,0.3,1.0,0.9,1.0,0.1,'2023-03-08'
207,1.0,0.6,1.0,0.1,0.2,0.1,'2029-02-01'
208,0.5,0.2,5.0,0.5,0.5,0.4,'2028-11-23'
209,0.2,2.0,5.0,0.2,0.5,0.7,'2029-01-29'
210,0.5,0.2,0.1,0.7,0.5,0.2,'2025-12-09'
211,1.0,0.6,2.0,0.6,1.0,0.3,'2025-10-06'
212,0.2,1.5,0.5,1.5,2.0,1.5,'2023-07-13'
213,0.5,0.6,5.0,1.5,0.2,1.0,'2024-11-13'
214,0.5,0.1,5.0,0.3,0.1,0.9,'2026-01-14'
215,5.0,0.4,0.1,0.8,1.0,0.2,'2027-12-07'
216,0.1,2.0,0.5,0.6,2.0,0.9,'2025-12-26'
217,0.1,1.2,2.0,0.7,1.0,0.5,'2028-03-07'
218,0.5,0.4,0.5,0.3,0.2,1.0,'2027-11-13'
219,1.0,2.0,5.0,0.6,0.5,0.8,'2029-05-11'
220,0.2,0.4,0.5,0.9,2.0,0.2,'2023-10-18'
221,0.5,1.0,0.5,1.2,1.0,0.6,'2027-09-11'
222,2.0,0.9,0.5,1.5,2.0,0.7,'2023-12-28'
223,1.0,0.9,1.0,0.6,1.0,1.5,'2024-08-08'
224,2.0,0.6,1.0,1.5,0.2,0.1,'2029-03-22'
225,1.0,0.7,5.0,0.9,0.5,2.0,'2023-04-18'
226,5.0,0.4,0.1,0.4,1.0,1.0,'2026-01-27'
227,2.0,0.3,5.0,1.0,0.1,0.7,'2023-04-30'
228,2.0,1.5,2.0,0.4,5.0,0.4,'2029-12-28'
229,5.0,0.2,0.2,0.8,1.0,0.1,'2026-01-09'
230,1.0,0.3,2.0,1.2,2.0,0.9,'2024-08-14'
231,0.2,0.1,0.1,1.2,2.0,1.2,'2028-09-12'
232,0.1,1.2,0.5,0.4,1.0,0.8,'2024-03-19'
233,2.0,0.4,0.5,0.2,1.0,0.8,'2023-03-29'
234,0.2,1.5,0.2,0.5,0.1,0.9,'2027-01-29'
235,0.1,0.8,1.0,0.9,0.1,0.8,'2028-10-17'
236,0.1,0.8,0.1,0.2,0.2,0.1,'2023-12-09'
237,2.0,2.0,0.2,1.5,1.0,1.2,'2024-04-03'
238,1.0,0.7,0.1,1.0,0.5,0.8,'2029-12-09'
239,1.0,1.2,2.0,0.9,0.1,0.9,'2025-04-01'
240,0.2,0.4,0.2,1.0,1.0,1.0,'2027-05-12'
241,1.0,1.2,0.5,0.4,2.0,0.6,'2028-08-07'
242,2.0,0.8,0.2,0.8,0.2,0.1,'2028-05-24'
243,0.5,1.5,2.0,0.4,0.1,0.1,'2027-04-08'
244,0.1,1.0,0.5,0.5,2.0,2.0,'2025-05-18'
245,0.1,0.2,2.0,0.3,1.0,0.7,'2028-08-04'
246,0.2,2.0,0.2,0.7,5.0,0.6,'2028-07-21'
247,1.0,1.5,5.0,0.3,0.2,1.2,'2027-06-10'
248,2.0,0.7,1.0,0.8,5.0,0.9,'2024-11-08'
249,1.0,2.0,0.2,2.0,0.5,0.8,'2027-08-12'
250,2.0,0.9,1.0,0.2,0.1,0.9,'2026-09-11'
251,0.5,0.6,2.0,0.1,0.5,0.4,'2024-01-22'
252,0.5,1.2,1.0,0.7,1.0,0.2,'2026-01-11'
253,5.0,1.2,1.0,0.2,5.0,0.5,'2023-12-04'
254,0.5,0.7,0.2,1.2,2.0,1.5,'2024-05-09'
255,0.5,0.6,5.0,0.4,5.0,0.6,'2029-02-25'
256,0.5,0.1,0.2,0.1,0.2,0.4,'2027-02-26'
257,1.0,0.3,0.5,0.2,0.5,0.8,'2026-06-02'
258,5.0,0.8,5.0,0.1,0.5,1.0,'2024-09-09'
259,0.1,1.5,5.0,0.7,0.2,0.1,'2025-08-10'
260,0.2,0.9,5.0,1.2,5.0,0.9,'2026-11-14'
261,1.0,0.8,0.2,0.2,5.0,0.6,'2026-09-10'
262,1.0,0.2,0.2,0.5,0.5,0.6,'2025-07-15'
263,0.5,1.0,2.0,0.9,0.2,0.3,'2026-03-04'
264,0.1,1.2,0.2,0.7,0.5,0.5,'2028-05-25'
265,0.2,1.0,1.0,0.1,0.5,0.7,'2024-12-29'
266,0.5,2.0,2.0,0.5,5.0,0.4,'2023-01-02'
267,5.0,0.2,0.2,2.0,5.0,0.9,'2027-03-13'
268,2.0,2.0,1.0,0.3,2.0,2.0,'2025-07-26'
269,2.0,0.8,0.2,1.0,0.5,1.0,'2029-08-27'
270,5.0,0.5,2.0,0.6,0.5,0.3,'2028-09-17'
271,5.0,1.0,1.0,0.3,5.0,0.8,'2027-10-16'
272,0.2,0.9,5.0,0.3,0.1,0.3,'2025-07-12'
273,0.5,0.5,2.0,1.0,5.0,0.6,'2024-10-21'
274,0.1,0.3,2.0,0.3,0.2,0.4,'2024-10-15'
275,5.0,0.7,2.0,1.5,0.2,1.0,'2027-07-07'
276,0.5,0.7,5.0,0.8,2.0,1.5,'2023-06-09'
277,2.0,0.4,2.0,0.1,5.0,0.7,'2029-08-14'
278,0.1,0.7,1.0,0.2,0.1,0.8,'2026-01-18'
279,0.2,0.2,2.0,1.5,2.0,0.9,'2029-02-08'
280,0.5,0.8,5.0,0.9,0.5,0.8,'2026-03-12'
281,5.0,0.4,0.1,0.1,0.5,0.6,'2026-02-03'
282,0.1,0.6,2.0,0.2,0.2,1.0,'2027-08-22'
283,1.0,0.6,0.2,0.8,2.0,0.3,'2023-10-26'
284,0.2,0.6,1.0,0.6,5.0,0.1,'2028-05-13'
285,2.0,2.0,0.5,0.6,1.0,0.4,'2029-03-17'
286,2.0,1.5,2.0,0.7,5.0,0.3,'2025-04-24'
287,0.1,0.8,0.2,1.5,1.0,0.2,'2026-03-28'
288,0.2,0.7,0.5,0.3,1.0,0.7,'2026-05-23'
289,0.1,0.8,1.0,0.4,2.0,0.6,'2029-08-02'
290,1.0,0.9,0.1,0.2,0.2,0.5,'2028-01-18'
291,2.0,1.2,5.0,0.8,5.0,0.3,'2027-11-24'
292,0.5,0.7,2.0,0.3,0.1,0.2,'2023-03-05'
293,5.0,0.7,0.1,0.4,5.0,1.5,'2029-10-29'
294,2.0,1.2,1.0,0.5,0.1,0.2,'2027-11-02'
295,1.0,0.5,1.0,0.3,0.1,1.0,'2024-10-15'
296,2.0,0.5,1.0,0.7,0.1,0.7,'2029-12-14'
297,2.0,1.5,2.0,0.7,1.0,0.6,'2023-09-21'
298,0.1,2.0,5.0,0.6,1.0,0.7,'2027-09-14'
299,0.2,0.3,1.0,1.0,1.0,1.2,'2024-05-13'
300,0.1,1.2,2.0,0.9,5.0,0.1,'2026-08-12'
301,2.0,0.3,2.0,0.8,2.0,0.6,'2025-03-01'
302,0.1,0.1,5.0,0.4,0.1,0.8,'2027-10-29'
303,0.2,0.7,1.0,1.5,0.2,0.8,'2024-06-23'
304,5.0,0.4,0.2,0.5,5.0,0.7,'2027-08-29'
305,2.0,0.7,2.0,0.4,0.1,1.2,'2023-12-10'
306,2.0,0.4,0.5,0.2,1.0,2.0,'2023-07-06'
307,1.0,1.5,2.0,0.5,2.0,2.0,'2026-07-30'
308,0.5,0.3,0.5,0.1,5.0,0.7,'2029-07-26'
309,0.2,2.0,2.0,1.2,0.2,1.2,'2023-05-15'
310,0.1,1.2,0.1,0.8,5.0,1.2,'2029-01-23'
311,0.1,0.4,2.0,2.0,0.1,0.2,'2025-09-28'
312,0.2,0.5,1.0,0.4,0.5,0.7,'2026-02-22'
313,0.1,0.8,2.0,0.2,2.0,0.9,'2026-11-07'
314,5.0,0.6,5.0,1.2,2.0,0.1,'2029-10-11'
315,0.5,0.4,2.0,0.3,0.5,1.2,'2023-08-22'
316,1.0,0.6,0.2,0.4,0.1,0.4,'2023-01-23'
317,0.2,0.2,1.0,0.5,0.1,0.2,'2027-10-14'
318,0.2,0.7,2.0,0.5,0.2,0.3,'2028-05-03'
319,1.0,1.2,1.0,1.0,0.1,0.9,'2023-04-12'
320,0.5,0.7,2.0,1.5,2.0,0.7,'2028-01-08'
321,2.0,1.2,2.0,0.2,2.0,1.2,'2024-08-13'
322,0.1,1.2,5.0,2.0,5.0,2.0,'2024-10-23'
323,0.2,1.0,0.2,1.2,2.0,0.2,'2026-08-07'
324,0.2,1.0,1.0,0.6,0.2,0.8,'2027-08-12'
325,2.0,0.7,2.0,1.0,5.0,0.2,'2029-03-07'
326,0.1,0.9,0.5,0.7,5.0,0.3,'2026-05-05'
327,0.5,0.3,0.2,0.7,2.0,0.6,'2029-02-22'
328,0.2,0.2,1.0,0.6,0.1,0.4,'2024-04-14'
329,1.0,0.7,0.5,0.1,0.2,0.1,'2023-05-14'
330,0.2,0.2,2.0,0.9,2.0,0.9,'2023-06-25'
331,0.1,0.2,1.0,0.3,0.5,0.7,'2028-04-21'
332,1.0,1.2,0.2,1.0,5.0,0.1,'2026-11-25'
333,0.2,0.2,0.5,0.4,5.0,0.7,'2026-02-07'
334,2.0,2.0,0.5,0.4,5.0,1.0,'2027-02-10'
335,0.2,0.3,2.0,0.5,0.2,0.5,'2027-06-26'
336,0.5,0.2,0.1,1.2,2.0,1.0,'2026-11-09'
337,0.2,0.2,0.2,0.9,0.1,0.2,'2027-10-10'
338,0.5,0.6,5.0,0.6,0.1,0.2,'2027-12-02'
339,5.0,0.7,5.0,0.3,5.0,1.5,'2029-11-20'
340,5.0,0.3,5.0,2.0,0.1,0.5,'2029-12-26'
341,0.2,0.9,0.2,0.4,0.2,0.9,'2027-07-12'
342,0.1,0.6,5.0,0.1,0.2,0.4,'2025-04-15'
343,2.0,0.8,5.0,1.5,0.5,0.6,'2025-11-22'
344,0.1,0.8,1.0,0.1,1.0,1.0,'2026-06-04'
345,2.0,0.3,1.0,0.7,0.2,0.4,'2024-01-19'
346,0.1,0.2,0.5,0.4,0.2,0.5,'2025-09-02'
347,0.1,0.3,5.0,1.0,0.2,0.9,'2024-06-03'
348,5.0,2.0,2.0,0.9,0.1,1.0,'2023-11-21'
349,1.0,0.5,0.1,0.4,0.5,0.8,'2028-09-17'
350,0.2,1.5,0.2,0.6,0.2,0.7,'2029-09-23'
351,5.0,0.1,1.0,2.0,5.0,2.0,'2029-12-12'
352,0.5,0.2,0.2,0.9,2.0,1.5,'2024-09-14'
353,5.0,2.0,1.0,1.0,0.5,1.2,'2024-12-26'
354,2.0,0.6,0.2,0.8,0.2,2.0,'2026-08-26'
355,1.0,0.6,5.0,0.4,0.2,0.9,'2024-07-22'
356,0.2,1.5,0.2,0.5,0.1,0.6,'2025-01-16'
357,2.0,0.8,0.2,1.2,0.1,0.7,'2027-03-24'
358,0.1,0.1,1.0,0.9,0.2,2.0,'2025-05-25'
359,0.2,0.2,2.0,0.5,5.0,0.7,'2027-08-08'
360,2.0,0.3,2.0,0.4,0.1,0.1,'2029-11-27'
361,0.5,0.4,0.5,1.5,2.0,0.7,'2027-04-24'
362,0.2,0.8,1.0,0.6,1.0,0.7,'2024-07-02'
363,0.1,1.5,0.5,2.0,0.2,0.5,'2026-10-26'
364,0.2,0.4,1.0,0.6,0.1,0.9,'2029-07-20'
365,0.1,0.4,2.0,0.1,2.0,0.9,'2024-01-12'
366,1.0,0.9,5.0,0.1,1.0,1.2,'2025-04-30'
367,5.0,0.4,0.1,0.9,0.1,0.3,'2023-11-28'
368,5.0,0.7,0.2,0.1,5.0,1.2,'2024-06-17'
369,0.2,2.0,1.0,2.0,0.5,1.0,'2027-07-13'
370,1.0,0.8,0.5,0.7,0.5,0.3,'2028-08-21'
371,2.0,1.5,2.0,1.5,0.2,1.5,'2026-04-24'
372,0.5,1.5,0.1,0.9,0.5,1.0,'2025-02-01'
373,0.2,0.6,2.0,1.5,1.0,0.8,'2025-02-14'
374,5.0,0.2,0.2,0.6,0.5,0.6,'2024-09-02'
375,1.0,2.0,5.0,0.7,0.1,0.3,'2026-03-03'
376,0.1,1.0,1.0,0.1,0.5,0.3,'2025-10-04'
377,0.1,1.5,0.1,0.5,2.0,0.2,'2029-10-14'
378,0.1,0.8,0.1,0.3,0.5,0.8,'2026-07-19'
379,2.0,1.2,5.0,0.5,0.2,0.2,'2023-03-15'
380,1.0,0.8,0.5,0.6,1.0,1.2,'2027-03-05'
381,2.0,0.1,0.5,2.0,0.1,0.2,'2027-05-16'
382,1.0,1.0,2.0,0.6,0.5,0.7,'2025-06-25'
383,5.0,0.8,5.0,0.9,0.2,0.1,'2026-03-04'
384,2.0,0.5,0.1,0.7,2.0,2.0,'2026-09-12'
385,0.2,0.4,0.1,0.2,0.5,1.0,'2028-02-26'
386,0.5,1.0,5.0,0.2,0.5,0.2,'2025-05-06'
387,0.1,0.9,1.0,0.2,5.0,1.0,'2026-08-20'
388,0.5,0.7,5.0,0.8,0.2,0.9,'2027-02-03'
389,0.1,0.3,0.5,0.1,0.1,0.8,'2024-01-17'
390,1.0,0.7,0.2,0.3,2.0,0.8,'2026-09-14'
391,5.0,2.0,0.1,1.2,0.1,2.0,'2023-04-01'
392,0.1,2.0,1.0,0.9,0.5,1.2,'2024-12-30'
393,1.0,0.5,0.5,0.7,5.0,0.3,'2029-09-10'
394,0.5,2.0,0.5,0.8,1.0,1.0,'2023-02-01'
395,0.1,1.2,2.0,0.1,2.0,1.5,'2028-06-10'
396,2.0,1.0,2.0,0.2,0.2,0.2,'2025-07-14'
397,5.0,0.6,1.0,0.6,0.2,0.6,'2027-01-31'
398,0.2,0.9,0.2,0.9,5.0,0.2,'2028-01-27'
399,0.2,1.0,2.0,0.8,0.5,1.2,'2023-08-04'
400,0.5,1.0,5.0,0.6,5.0,0.7,'2025-12-24'
401,5.0,0.8,0.5,0.2,1.0,2.0,'2026-02-24'
402,0.5,0.1,5.0,0.1,0.2,0.9,'2024-05-03'
403,0.5,0.5,0.2,0.6,0.5,2.0,'2029-01-28'
404,0.5,1.5,0.2,0.7,1.0,1.0,'2029-11-18'
405,0.1,1.5,5.0,0.7,1.0,0.9,'2029-05-07'
406,0.5,0.6,0.2,0.7,0.5,0.4,'2027-04-26'
407,0.2,0.2,0.1,0.3,0.2,2.0,'2024-03-23'
408,0.5,1.0,1.0,0.4,2.0,0.6,'2026-04-29'
409,0.5,0.3,0.5,0.7,2.0,0.4,'2025-07-17'
410,0.1,0.4,0.5,1.5,0.1,1.5,'2028-08-02'
411,0.1,1.5,1.0,0.5,1.0,0.2,'2027-10-21'
412,1.0,1.2,0.1,0.9,5.0,0.6,'2023-03-20'
413,1.0,1.5,0.5,0.1,0.5,1.0,'2024-09-28'
414,2.0,0.2,0.1,1.2,1.0,0.1,'2023-02-08'
415,2.0,0.1,0.2,0.5,0.5,0.1,'2024-07-15'
416,0.5,0.1,2.0,1.5,0.5,0.2,'2023-11-21'
417,5.0,0.2,1.0,0.6,0.2,0.7,'2023-04-03'
418,5.0,2.0,0.5,0.8,0.2,1.5,'2025-04-20'
419,0.1,0.4,0.5,0.9,0.2,0.2,'2027-12-03'
420,1.0,0.7,0.1,0.6,5.0,0.4,'2028-07-11'
421,0.5,0.4,0.1,1.5,0.5,0.2,'2028-08-17'
422,0.1,0.1,1.0,1.2,1.0,0.3,'2027-04-05'
423,1.0,0.9,0.2,0.7,0.5,0.7,'2025-11-28'
424,5.0,0.6,5.0,0.2,2.0,1.5,'2024-11-05'
425,0.2,1.2,1.0,0.1,2.0,1.5,'2026-03-06'
426,2.0,0.4,0.1,0.8,0.2,0.1,'2023-07-15'
427,0.2,2.0,2.0,0.6,0.5,0.8,'2025-04-13'
428,0.1,0.6,0.1,1.2,0.2,0.6,'2024-10-09'
429,0.2,0.2,0.5,0.7,0.1,2.0,'2026-08-02'
430,0.2,0.1,2.0,0.5,1.0,0.4,'2023-03-04'
431,0.5,0.6,0.2,0.2,2.0,0.9,'2023-10-10'
432,1.0,1.2,1.0,0.4,0.1,1.0,'2024-12-24'
433,2.0,0.3,0.2,0.7,2.0,2.0,'2025-04-04'
434,2.0,1.5,5.0,0.6,1.0,0.6,'2026-02-17'
435,5.0,1.2,2.0,1.5,0.1,0.7,'2026-03-09'
436,0.5,0.9,0.2,0.6,1.0,1.2,'2028-03-13'
437,2.0,0.8,0.5,1.2,2.0,0.3,'2024-10-14'
438,1.0,0.6,0.2,0.2,1.0,0.5,'2025-04-18'
439,0.2,0.5,1.0,1.5,2.0,1.2,'2024-03-19'
440,0.2,1.2,0.5,0.5,1.0,0.1,'2029-05-24'
441,0.5,0.9,0.2,0.1,0.5,0.8,'2025-03-02'
442,0.1,1.5,0.2,0.5,5.0,0.3,'2024-05-21'
443,0.1,0.3,0.2,0.3,2.0,0.2,'2024-09-11'
444,1.0,0.5,5.0,0.3,0.5,0.6,'2024-06-06'
445,0.5,0.3,5.0,0.8,5.0,0.8,'2029-11-19'
446,2.0,0.7,0.1,0.1,5.0,0.9,'2025-03-04'
447,1.0,1.5,0.1,0.5,0.2,0.8,'2026-03-12'
448,0.5,0.5,0.2,0.4,2.0,0.1,'2023-08-18'
449,0.5,0.2,0.1,1.0,5.0,1.0,'2029-06-28'
450,0.5,0.1,0.1,0.3,0.5,1.2,'2023-05-28'
451,0.5,0.6,0.5,1.5,5.0,2.0,'2028-01-02'
452,1.0,0.2,1.0,1.2,0.5,2.0,'2024-08-01'
453,0.1,0.1,0.5,0.7,0.1,0.4,'2023-12-11'
454,2.0,0.8,5.0,0.6,0.1,1.0,'2028-08-23'
455,1.0,0.6,5.0,0.8,5.0,0.6,'2025-09-16'
456,1.0,1.0,0.2,1.5,0.2,0.9,'2024-05-10'
457,1.0,0.3,0.2,1.0,1.0,0.4,'2028-10-20'
458,1.0,0.5,0.2,0.5,1.0,0.7,'2027-05-23'
459,1.0,0.4,1.0,0.8,5.0,0.3,'2023-05-28'
460,0.2,0.8,0.2,0.1,0.1,0.3,'2027-01-18'
461,5.0,0.7,0.5,0.3,0.2,0.8,'2028-05-21'
462,0.5,0.3,2.0,0.5,0.2,1.5,'2029-05-06'
463,0.5,2.0,0.1,0.8,0.2,0.9,'2025-09-23'
464,0.5,0.3,0.1,0.9,0.5,0.2,'2023-10-30'
465,0.1,1.2,1.0,0.4,0.5,0.2,'2027-04-26'
466,0.1,0.5,0.2,0.9,1.0,0.5,'2025-07-18'
467,0.2,0.7,5.0,1.2,5.0,1.0,'2026-01-13'
468,0.5,1.0,1.0,2.0,0.1,1.2,'2027-10-17'
469,2.0,0.5,1.0,0.4,5.0,0.8,'2023-12-09'
470,1.0,0.9,0.2,0.8,1.0,0.1,'2025-04-07'
471,2.0,0.8,0.1,0.5,1.0,0.2,'2026-10-28'
472,0.2,1.0,0.2,0.1,0.5,0.4,'2027-02-26'
473,0.1,1.2,2.0,1.5,5.0,1.2,'2026-08-01'
474,5.0,2.0,2.0,0.1,2.0,2.0,'2027-03-01'
475,1.0,1.5,1.0,0.5,0.1,0.4,'2029-06-20'
476,0.1,0.7,2.0,0.5,0.5,0.9,'2026-07-13'
477,0.2,0.1,0.5,0.8,5.0,0.9,'2025-11-30'
478,0.1,0.8,0.1,1.0,5.0,0.5,'2023-11-25'
479,2.0,0.6,1.0,1.2,0.2,0.4,'2024-01-17'
480,0.1,0.2,0.2,0.3,2.0,1.0,'2028-07-16'
481,2.0,1.2,1.0,0.3,2.0,0.9,'2027-06-14'
482,2.0,0.9,1.0,0.6,1.0,1.0,'2024-05-17'
483,5.0,1.0,0.2,0.4,0.5,2.0,'2027-08-14'
484,1.0,1.0,0.2,0.1,5.0,0.2,'2027-04-04'
485,0.1,0.7,0.1,0.2,2.0,1.2,'2027-11-04'
486,0.5,0.5,2.0,0.7,0.1,0.7,'2027-11-25'
487,0.5,1.2,1.0,0.9,0.2,0.6,'2025-05-03'
488,0.2,0.5,1.0,2.0,5.0,0.2,'2029-06-10'
489,1.0,0.1,2.0,0.8,1.0,1.0,'2029-01-20'
490,5.0,0.8,0.1,0.2,0.2,0.3,'2023-11-01'
491,0.1,0.1,5.0,2.0,5.0,1.2,'2025-01-18'
492,1.0,0.1,5.0,1.2,0.5,0.4,'2023-05-10'
493,0.2,0.7,5.0,1.0,1.0,1.5,'2026-10-15'
494,2.0,1.5,5.0,1.0,5.0,1.5,'2028-05-12'
495,0.1,1.5,1.0,0.2,1.0,0.3,'2027-07-24'
496,2.0,0.5,0.1,2.0,1.0,1.2,'2025-03-20'
497,0.1,0.6,0.5,0.3,1.0,0.7,'2026-10-24'
498,0.1,0.5,0.5,0.2,0.5,1.5,'2024-06-10'
499,2.0,0.3,1.0,0.2,0.2,2.0,'2026-07-19'
500,2.0,0.6,0.5,0.7,0.2,1.0,'2025-02-07'
501,2.0,1.2,0.1,0.5,5.0,0.6,'2029-09-30'
502,0.2,0.1,5.0,1.0,0.1,0.9,'2028-08-21'
503,2.0,0.3,0.5,1.0,5.0,0.4,'2029-11-04'
504,0.5,0.4,0.1,0.8,0.1,0.6,'2025-02-10'
505,0.5,2.0,5.0,0.8,0.5,0.1,'2026-08-22'
506,0.1,0.3,5.0,0.2,0.2,1.5,'2029-08-05'
507,0.5,1.2,0.1,1.5,1.0,0.1,'2023-07-11'
508,0.1,0.9,2.0,2.0,0.5,0.6,'2023-05-14'
509,1.0,0.5,0.5,0.7,0.2,0.7,'2025-10-17'
510,0.2,1.0,0.1,1.5,0.1,1.2,'2025-06-06'
511,0.5,0.3,0.2,1.5,5.0,0.1,'2028-07-20'
512,5.0,1.5,0.2,0.4,1.0,0.9,'2023-04-05'
513,0.2,0.5,0.5,0.7,2.0,2.0,'2024-12-11'
514,5.0,0.7,0.2,0.8,0.1,1.5,'2023-09-15'
515,1.0,0.3,5.0,0.1,0.2,1.5,'2029-11-08'
516,1.0,0.8,2.0,0.3,0.1,0.3,'2027-05-25'
517,5.0,0.7,0.2,2.0,0.1,0.9,'2027-07-02'
518,2.0,0.5,2.0,1.0,0.2,0.4,'2026-07-10'
519,1.0,0.1,0.2,2.0,0.5,0.4,'2029-03-08'
520,2.0,1.2,0.2,0.7,0.2,0.1,'2023-03-28'
521,0.5,0.5,0.2,0.5,0.1,2.0,'2027-04-10'
522,2.0,1.0,0.5,1.2,0.1,0.8,'2027-12-16'
523,2.0,0.8,5.0,0.5,5.0,0.2,'2024-11-25'
524,5.0,1.0,0.2,1.5,0.2,0.4,'2029-10-16'
525,0.5,1.0,2.0,0.5,0.2,1.2,'2025-10-03'
526,0.2,1.0,2.0,0.4,0.5,0.2,'2027-01-28'
527,2.0,0.4,2.0,2.0,0.1,0.1,'2029-09-12'
528,1.0,2.0,1.0,1.2,0.2,0.9,'2025-04-22'
529,0.5,0.2,0.2,0.8,1.0,0.6,'2025-05-30'
530,0.1,0.8,1.0,0.3,0.5,0.8,'2024-10-05'
531,0.1,0.1,0.2,1.0,0.2,0.3,'2028-04-26'
532,1.0,1.2,2.0,0.9,0.1,0.1,'2025-12-03'
533,1.0,1.0,1.0,0.4,0.5,2.0,'2025-07-16'
534,1.0,0.3,0.5,0.6,5.0,0.6,'2024-06-04'
535,0.5,1.2,2.0,2.0,1.0,0.9,'2023-10-25'
536,0.2,0.3,5.0,0.1,2.0,1.0,'2028-02-25'
537,0.1,0.3,0.1,1.5,5.0,0.6,'2026-05-04'
538,1.0,1.5,0.2,0.2,0.2,0.7,'2025-06-14'
539,0.1,0.1,1.0,0.6,0.1,1.0,'2028-07-15'
540,0.1,0.1,0.2,1.2,2.0,1.0,'2026-06-20'
541,0.5,0.7,0.2,0.8,5.0,0.5,'2026-05-15'
542,1.0,1.5,5.0,0.8,5.0,2.0,'2023-12-25'
543,5.0,1.0,5.0,0.4,2.0,0.9,'2023-01-09'
544,1.0,0.1,2.0,0.7,1.0,1.5,'2025-02-11'
545,1.0,0.4,2.0,0.5,0.1,1.0,'2029-06-19'
546,1.0,0.9,5.0,0.1,2.0,0.1,'2027-12-04'
547,0.2,0.2,5.0,0.4,0.5,0.5,'2023-12-23'
548,1.0,0.8,1.0,1.5,0.1,0.4,'2025-12-14'
549,5.0,1.0,0.2,0.4,2.0,1.0,'2029-10-27'
550,2.0,0.4,5.0,0.1,1.0,0.9,'2024-11-20'
551,0.5,0.9,0.2,0.6,2.0,1.2,'2025-06-01'
552,5.0,0.2,2.0,0.3,0.2,0.5,'2023-05-21'
553,0.5,2.0,0.5,0.1,0.2,0.5,'2023-04-14'
554,0.5,1.0,2.0,1.0,2.0,0.6,'2024-10-04'
555,1.0,2.0,0.5,0.7,2.0,1.2,'2028-10-11'
556,0.2,0.7,1.0,1.0,0.2,0.9,'2025-09-28'
557,0.1,1.0,1.0,0.3,1.0,0.6,'2027-03-24'
558,2.0,2.0,0.5,2.0,0.5,0.3,'2027-01-01'
559,0.1,0.5,5.0,2.0,0.1,1.0,'2027-02-02'
560,0.1,1.0,5.0,0.7,5.0,1.5,'2029-05-20'
561,5.0,0.2,0.1,0.6,0.2,1.5,'2027-11-22'
562,0.5,1.2,0.2,0.7,2.0,2.0,'2026-09-11'
563,2.0,0.1,5.0,0.2,5.0,1.0,'2027-02-07'
564,0.2,1.2,2.0,0.1,5.0,0.7,'2023-09-30'
565,2.0,1.0,0.5,1.0,0.2,0.4,'2024-06-05'
566,0.1,0.8,0.5,2.0,0.5,0.7,'2023-04-03'
567,0.2,0.4,0.2,2.0,0.5,0.4,'2024-11-15'
568,0.1,0.3,5.0,0.4,0.1,0.4,'2026-05-18'
569,0.5,0.1,1.0,0.3,0.1,0.3,'2029-03-14'
570,0.5,0.5,1.0,0.1,0.5,0.1,'2028-09-26'
571,0.2,0.3,2.0,0.9,2.0,0.2,'2024-08-18'
572,5.0,0.1,2.0,0.9,0.1,1.0,'2025-04-27'
573,2.0,0.5,1.0,0.3,5.0,0.7,'2028-09-19'
574,0.1,1.0,1.0,0.9,1.0,0.9,'2028-02-21'
575,1.0,0.5,2.0,0.4,0.5,0.1,'2024-10-23'
576,0.5,0.2,2.0,2.0,0.1,0.7,'2028-03-25'
577,5.0,1.5,5.0,0.4,0.1,1.5,'2028-09-02'
578,1.0,0.4,0.1,2.0,2.0,0.6,'2024-01-31'
579,0.5,1.0,1.0,0.3,0.2,2.0,'2024-02-11'
580,2.0,1.2,0.5,2.0,2.0,0.5,'2025-07-11'
581,0.2,0.2,2.0,0.6,1.0,0.6,'2027-12-10'
582,1.0,0.6,0.2,1.0,2.0,0.3,'2026-08-05'
583,0.5,0.2,1.0,1.2,0.5,1.5,'2026-03-18'
584,0.2,1.2,5.0,1.2,1.0,0.4,'2024-03-11'
585,0.1,0.1,0.5,0.7,0.1,0.7,'2024-07-22'
586,5.0,2.0,1.0,1.5,5.0,1.5,'2026-09-14'
587,2.0,0.3,0.2,0.9,2.0,0.6,'2026-04-03'
588,0.5,0.6,2.0,2.0,0.2,0.7,'2023-01-27'
589,0.1,0.5,5.0,0.4,0.2,0.5,'2025-01-25'
590,0.2,0.7,0.2,0.5,0.2,1.5,'2023-11-17'
591,0.2,0.7,1.0,1.0,2.0,0.6,'2025-02-14'
592,0.5,1.0,1.0,1.2,2.0,0.6,'2026-07-02'
593,0.1,0.5,0.5,1.0,5.0,0.2,'2027-03-12'
594,0.2,0.8,0.5,0.3,0.1,2.0,'2023-10-20'
595,5.0,0.5,2.0,0.7,0.1,0.7,'2026-12-31'
596,2.0,0.6,0.2,2.0,0.2,0.3,'2025-09-20'
597,1.0,0.1,0.2,0.6,0.2,0.5,'2025-04-07'
598,0.1,0.5,1.0,1.0,1.0,1.2,'2028-11-21'
599,0.5,1.5,5.0,1.0,0.1,1.0,'2023-10-10'
600,1.0,0.3,0.1,1.5,2.0,0.2,'2023-07-08'
601,0.2,0.5,2.0,1.5,2.0,0.9,'2025-02-17'
602,5.0,0.2,0.5,1.5,0.5,0.6,'2023-10-19'
603,1.0,0.5,5.0,2.0,5.0,0.9,'2024-12-14'
604,0.2,0.3,0.1,0.1,2.0,0.3,'2026-12-30'
605,0.1,0.6,1.0,0.9,0.2,2.0,'2023-07-14'
606,0.1,0.6,1.0,0.9,2.0,0.8,'2024-04-17'
607,0.1,0.6,5.0,0.5,0.2,0.7,'2027-10-29'
608,0.5,2.0,5.0,0.3,5.0,0.3,'2023-02-05'
609,1.0,0.8,0.1,0.9,5.0,0.8,'2025-04-15'
610,0.5,0.9,2.0,2.0,5.0,0.1,'2027-02-16'
611,5.0,0.7,0.5,1.0,5.0,0.1,'2029-06-24'
612,0.2,0.5,0.2,0.2,5.0,0.1,'2023-09-05'
613,0.1,0.2,0.5,2.0,1.0,0.4,'2029-09-25'
614,0.2,1.5,5.0,0.5,0.2,0.8,'2025-07-24'
615,0.5,0.8,2.0,0.8,0.1,0.2,'2025-11-09'
616,0.1,0.7,0.5,1.0,0.5,0.1,'2024-02-01'
617,0.5,1.0,0.2,0.7,0.2,0.7,'2024-05-22'
618,0.5,0.5,0.5,0.2,0.5,0.3,'2026-02-25'
619,0.5,0.4,0.1,1.2,0.2,1.5,'2028-02-18'
620,0.5,1.0,2.0,0.7,1.0,1.5,'2024-11-11'
621,0.5,0.4,1.0,1.2,0.5,0.7,'2026-09-23'
622,0.1,0.3,0.1,0.6,0.2,0.7,'2028-02-20'
623,2.0,0.9,0.5,1.0,1.0,0.4,'2025-09-07'
624,2.0,0.5,0.5,1.0,2.0,0.5,'2027-02-04'
625,5.0,0.5,0.1,0.6,2.0,1.0,'2025-03-14'
626,0.5,0.7,0.5,1.2,0.1,1.2,'2026-03-05'
627,1.0,0.2,0.1,2.0,1.0,0.2,'2024-09-24'
628,1.0,0.2,0.2,1.2,0.2,0.8,'2025-10-15'
629,0.5,2.0,1.0,0.7,1.0,1.2,'2029-03-19'
630,0.1,0.4,2.0,0.4,1.0,1.2,'2028-06-08'
631,2.0,0.6,0.1,0.1,5.0,0.4,'2027-07-22'
632,2.0,0.3,0.5,0.1,2.0,0.2,'2028-10-17'
633,1.0,1.2,2.0,1.0,0.1,0.2,'2029-11-26'
634,2.0,1.0,0.5,0.1,1.0,0.6,'2023-03-22'
635,1.0,0.8,1.0,0.3,5.0,0.8,'2028-06-26'
636,0.2,0.5,0.2,1.2,5.0,1.5,'2026-05-20'
637,2.0,0.4,5.0,1.5,0.5,2.0,'2026-04-07'
638,0.5,0.7,0.1,0.7,0.2,2.0,'2025-09-06'
639,2.0,0.1,0.2,0.1,0.2,1.0,'2024-08-05'
640,0.5,0.5,0.2,2.0,5.0,1.5,'2027-06-28'
641,0.2,0.5,0.1,1.0,2.0,0.9,'2027-05-16'
642,2.0,0.9,2.0,0.6,5.0,1.5,'2024-11-08'
643,5.0,1.0,0.1,0.8,1.0,0.9,'2024-09-17'
644,0.1,0.9,5.0,0.1,0.1,0.1,'2023-08-03'
645,1.0,1.5,2.0,0.3,0.2,0.7,'2027-01-12'
646,2.0,0.5,0.5,0.3,0.2,0.9,'2023-12-02'
647,0.1,0.6,1.0,0.5,5.0,0.3,'2024-09-06'
648,5.0,0.5,0.2,0.9,5.0,1.2,'2025-08-03'
649,1.0,0.9,5.0,1.0,0.5,1.2,'2029-07-14'
650,0.1,1.5,0.2,2.0,5.0,0.3,'2026-01-16'
651,2.0,0.7,5.0,0.5,0.2,0.8,'2025-05-14'
652,0.2,0.6,0.2,0.5,2.0,1.5,'2024-02-12'
653,5.0,0.5,0.1,0.3,0.1,0.4,'2026-07-20'
654,1.0,0.1,5.0,0.1,1.0,0.1,'2028-08-03'
655,5.0,0.4,5.0,0.3,1.0,0.9,'2027-02-09'
656,0.1,1.5,2.0,1.5,1.0,0.4,'2026-10-09'
657,2.0,0.3,1.0,0.7,1.0,0.7,'2026-03-07'
658,1.0,0.9,1.0,0.2,0.1,0.9,'2026-07-13'
659,5.0,0.5,0.1,1.0,5.0,0.8,'2026-06-09'
660,5.0,0.3,1.0,2.0,5.0,0.1,'2027-05-13'
661,0.1,0.6,5.0,2.0,0.2,0.6,'2023-02-01'
662,0.1,0.2,2.0,1.0,5.0,0.9,'2024-12-18'
663,0.2,0.8,0.1,0.6,0.2,2.0,'2026-01-21'
664,1.0,0.8,0.5,0.7,0.1,0.9,'2023-09-09'
665,0.1,1.2,0.2,1.0,0.2,0.9,'2025-10-24'
666,0.1,1.2,0.1,0.5,0.5,0.1,'2026-06-24'
667,5.0,1.2,5.0,0.7,5.0,1.2,'2023-10-01'
668,5.0,0.3,0.5,0.5,0.1,0.5,'2025-04-27'
669,2.0,0.6,2.0,0.9,0.5,0.6,'2027-05-08'
670,0.1,0.4,0.5,0.9,0.2,0.3,'2029-02-18'
671,1.0,0.8,0.1,0.6,0.2,1.0,'2028-09-23'
672,2.0,0.9,0.1,1.0,0.1,1.5,'2023-02-04'
673,0.2,0.7,5.0,0.3,5.0,0.6,'2027-11-13'
674,5.0,1.2,0.5,0.1,2.0,0.8,'2026-06-21'
675,2.0,0.8,2.0,0.8,1.0,0.5,'2027-02-10'
676,0.5,0.1,1.0,0.6,1.0,0.6,'2025-01-15'
677,5.0,0.2,0.2,0.6,0.1,0.8,'2028-02-18'
678,0.5,0.5,1.0,0.4,0.5,0.3,'2029-07-08'
679,0.5,0.9,1.0,2.0,5.0,0.3,'2028-11-07'
680,5.0,1.0,2.0,0.2,5.0,0.5,'2028-01-06'
681,2.0,0.3,2.0,0.3,0.1,2.0,'2028-07-24'
682,2.0,0.1,0.1,1.0,2.0,0.9,'2027-06-08'
683,1.0,1.0,0.1,0.8,0.2,0.9,'2024-08-22'
684,2.0,0.8,0.5,0.4,5.0,0.5,'2027-03-30'
685,0.5,0.8,2.0,0.5,0.5,1.5,'2028-05-16'
686,0.5,0.9,5.0,1.2,0.5,0.7,'2025-02-14'
687,5.0,1.0,0.1,0.6,0.5,2.0,'2026-01-11'
688,0.2,0.1,0.2,1.0,0.2,0.3,'2026-05-13'
689,1.0,0.2,1.0,0.1,0.5,0.5,'2028-01-30'
690,5.0,1.2,2.0,0.5,5.0,1.0,'2029-06-26'
691,0.1,0.9,2.0,0.1,0.5,1.5,'2026-11-23'
692,0.2,0.1,0.5,0.5,1.0,0.6,'2025-11-19'
693,1.0,2.0,0.1,0.1,0.2,0.1,'2024-01-16'
694,0.5,0.1,1.0,0.8,0.1,1.5,'2029-12-14'
695,0.5,1.0,0.5,0.8,0.5,0.6,'2026-06-11'
696,0.2,0.2,2.0,1.2,0.1,1.2,'2026-07-24'
697,2.0,1.2,0.5,0.2,2.0,1.5,'2029-08-07'
698,0.2,1.0,0.1,0.1,1.0,2.0,'2024-08-30'
699,5.0,0.3,2.0,0.2,5.0,0.7,'2027-03-22'
700,2.0,0.9,2.0,0.1,0.5,1.2,'2029-04-15'
701,0.2,0.6,0.5,1.5,0.5,0.6,'2027-11-19'
702,2.0,1.5,2.0,1.5,0.2,1.5,'2023-03-03'
703,0.5,0.6,0.2,0.2,0.2,1.0,'2026-11-01'
704,0.2,0.4,5.0,0.4,2.0,1.5,'2025-06-22'
705,2.0,0.1,0.1,1.2,0.2,0.6,'2026-10-04'
706,0.1,1.5,0.1,0.5,5.0,1.2,'2024-12-17'
707,1.0,1.5,5.0,1.5,0.1,0.2,'2026-07-25'
708,5.0,0.1,0.1,0.3,0.5,0.6,'2028-09-16'
709,0.1,0.4,1.0,0.1,0.1,0.9,'2029-09-06'
710,2.0,1.2,2.0,0.4,1.0,1.2,'2024-07-31'
711,0.1,1.5,0.2,0.6,0.2,0.2,'2023-05-02'
712,5.0,0.7,1.0,0.8,5.0,0.9,'2026-10-30'
713,1.0,0.2,2.0,0.1,1.0,1.0,'2024-03-18'
714,5.0,2.0,2.0,0.5,5.0,1.0,'2024-03-13'
715,5.0,2.0,0.1,0.4,2.0,2.0,'2025-08-13'
716,1.0,0.5,5.0,0.6,0.5,0.1,'2026-03-07'
717,0.1,0.5,2.0,1.2,2.0,0.2,'2026-04-20'
718,1.0,0.4,5.0,0.1,0.5,0.9,'2026-12-21'
719,0.1,1.5,1.0,0.3,0.1,2.0,'2027-09-10'
720,0.5,1.2,5.0,0.8,0.1,0.1,'2027-02-06'
721,0.1,0.5,1.0,0.6,2.0,2.0,'2027-05-13'
722,1.0,0.4,1.0,2.0,1.0,1.5,'2026-03-16'
723,1.0,2.0,0.5,1.0,0.1,0.6,'2024-02-14'
724,0.2,0.7,5.0,1.5,0.5,1.2,'2024-01-04'
725,1.0,0.2,2.0,1.0,0.5,0.8,'2024-03-14'
726,0.5,0.9,5.0,0.1,0.2,0.9,'2023-08-24'
727,0.1,0.9,0.5,0.2,0.2,0.6,'2026-11-04'
728,0.1,1.5,1.0,0.1,0.5,1.2,'2024-10-12'
729,5.0,1.2,0.5,1.5,0.1,0.2,'2029-05-07'
730,0.1,1.5,0.1,0.8,0.5,1.0,'2027-04-18'
731,0.1,0.7,1.0,2.0,0.2,0.5,'2024-07-13'
732,0.5,0.2,5.0,0.7,0.1,1.0,'2028-05-18'
733,0.1,0.9,1.0,1.0,0.5,1.5,'2028-02-02'
734,0.1,0.8,0.2,0.6,0.5,0.2,'2023-12-15'
735,5.0,0.6,2.0,1.5,2.0,0.9,'2025-11-24'
736,0.5,0.4,5.0,0.7,5.0,0.1,'2025-09-06'
737,2.0,0.6,0.5,0.7,1.0,1.0,'2025-08-06'
738,2.0,0.1,0.2,0.6,0.2,0.5,'2026-10-24'
739,5.0,0.4,1.0,0.5,5.0,0.5,'2027-03-30'
740,5.0,0.4,0.1,0.2,5.0,0.8,'2023-07-15'
741,0.5,0.8,1.0,0.2,1.0,0.5,'2027-02-17'
742,0.1,0.1,5.0,1.2,2.0,0.4,'2025-06-14'
743,1.0,0.2,0.5,0.8,1.0,0.3,'2025-05-07'
744,0.1,1.0,0.2,1.2,0.2,0.1,'2029-01-08'
745,0.2,1.0,0.2,0.8,0.2,0.5,'2024-03-14'
746,0.5,0.1,5.0,1.5,0.2,1.5,'2026-09-21'
747,5.0,0.8,0.5,1.2,2.0,1.2,'2027-01-25'
748,2.0,0.7,0.5,2.0,1.0,0.9,'2024-10-17'
749,0.2,1.2,0.1,0.1,2.0,0.1,'2026-12-10'
750,2.0,1.2,1.0,0.2,2.0,1.0,'2027-06-21'
751,2.0,0.7,5.0,1.0,2.0,1.2,'2027-08-02'
752,0.1,2.0,0.5,0.3,2.0,0.2,'2024-03-25'
753,1.0,0.2,1.0,0.9,2.0,0.8,'2025-09-24'
754,2.0,0.5,5.0,0.6,5.0,0.2,'2027-08-08'
755,2.0,1.0,5.0,1.2,1.0,0.3,'2026-04-21'
756,1.0,0.7,1.0,0.7,0.5,0.2,'2023-12-18'
757,0.5,0.5,5.0,0.6,2.0,1.0,'2028-07-19'
758,0.5,0.6,5.0,0.6,2.0,0.4,'2024-04-05'
759,2.0,0.1,0.5,0.4,0.2,0.7,'2023-09-05'
760,1.0,0.2,2.0,0.7,0.5,1.2,'2026-04-11'
761,5.0,1.5,1.0,2.0,0.2,0.8,'2029-06-24'
762,0.5,1.2,0.1,0.3,0.5,0.4,'2024-01-07'
763,0.5,1.2,0.1,0.5,0.2,1.2,'2023-11-26'
764,5.0,0.9,0.2,0.1,0.2,2.0,'2026-09-28'
765,0.1,0.6,0.1,1.5,1.0,0.4,'2028-12-14'
766,0.5,1.5,0.5,0.8,1.0,0.3,'2028-07-28'
767,5.0,0.5,2.0,2.0,5.0,0.5,'2024-01-22'
768,0.5,0.4,5.0,0.5,0.2,0.6,'2024-06-01'
769,5.0,1.5,0.1,1.2,2.0,0.6,'2025-05-06'
770,0.2,0.5,1.0,0.6,0.5,1.2,'2027-01-07'
771,0.5,1.0,0.1,0.4,1.0,0.8,'2029-12-18'
772,2.0,1.2,1.0,0.3,0.1,0.2,'2027-12-07'
773,0.1,0.9,0.1,1.2,1.0,0.1,'2028-04-22'
774,0.5,0.2,1.0,0.5,0.2,0.8,'2026-01-30'
775,1.0,1.5,0.1,0.8,2.0,1.2,'2023-07-20'
776,0.1,0.8,0.2,0.1,2.0,0.3,'2025-12-05'
777,0.5,1.2,0.5,1.2,5.0,1.0,'2025-04-02'
778,0.5,0.8,2.0,0.9,0.5,1.0,'2028-05-04'
779,2.0,0.8,1.0,1.5,5.0,1.2,'2024-04-04'
780,2.0,0.2,0.2,0.1,0.1,0.2,'2028-10-07'
781,0.2,0.6,0.2,0.6,2.0,0.7,'2028-08-08'
782,1.0,0.1,1.0,0.1,0.2,1.0,'2023-03-03'
783,5.0,0.1,1.0,1.0,0.1,0.3,'2027-12-06'
784,0.5,0.6,1.0,0.3,0.5,1.0,'2028-08-23'
785,0.2,0.6,2.0,1.2,0.2,1.2,'2024-10-17'
786,2.0,0.5,0.1,2.0,2.0,0.2,'2029-07-06'
787,1.0,0.9,2.0,1.0,1.0,0.7,'2029-10-06'
788,2.0,0.3,0.5,2.0,0.1,2.0,'2026-10-20'
789,0.5,2.0,1.0,0.3,0.2,0.4,'2023-11-03'
790,5.0,1.0,1.0,0.2,0.2,0.8,'2027-06-04'
791,0.1,1.5,2.0,0.8,0.1,0.7,'2025-12-12'
792,0.1,0.6,2.0,1.0,0.2,2.0,'2027-04-20'
793,0.2,0.4,0.5,0.2,0.5,1.5,'2024-12-28'
794,0.1,0.2,1.0,0.7,0.5,0.5,'2029-02-27'
795,0.5,0.8,0.1,1.2,5.0,0.6,'2024-07-18'
796,2.0,0.4,0.5,0.3,0.1,0.2,'2027-03-15'
797,0.1,1.0,0.2,2.0,0.2,0.5,'2026-12-13'
798,1.0,1.5,2.0,2.0,5.0,0.6,'2024-05-30'
799,1.0,0.8,1.0,0.9,0.5,0.2,'2023-10-03'
800,2.0,0.9,2.0,0.3,0.5,0.6,'2024-11-24'
801,1.0,0.8,5.0,0.4,1.0,0.1,'2027-06-25'
802,1.0,0.8,0.1,0.8,0.2,0.6,'2023-07-21'
803,1.0,0.3,1.0,0.9,2.0,0.3,'2024-04-28'
804,0.5,1.0,0.5,0.9,1.0,0.8,'2027-01-25'
805,5.0,0.6,0.5,0.6,0.1,0.9,'2028-12-22'
806,0.5,0.1,0.2,0.7,0.2,1.2,'2025-11-14'
807,5.0,0.2,5.0,2.0,0.1,0.9,'2025-04-12'
808,1.0,0.7,0.5,0.8,2.0,0.9,'2029-02-17'
809,0.2,0.6,5.0,0.2,0.1,1.0,'2028-03-04'
810,0.5,1.2,1.0,0.3,0.5,0.7,'2024-03-27'
811,5.0,2.0,2.0,0.1,1.0,0.5,'2025-05-02'
812,2.0,1.0,2.0,0.4,0.1,0.6,'2028-06-06'
813,0.1,0.8,2.0,0.6,5.0,1.5,'2026-01-20'
814,0.1,0.4,2.0,0.6,0.5,0.7,'2027-10-17'
815,0.5,0.4,0.1,0.5,0.2,1.2,'2026-12-14'
816,0.1,0.2,0.5,0.8,0.2,0.2,'2028-09-25'
817,5.0,1.2,1.0,1.2,0.2,0.9,'2023-02-27'
818,0.2,1.0,0.5,0.5,1.0,0.1,'2023-06-23'
819,0.5,2.0,5.0,0.8,1.0,0.2,'2026-01-03'
820,0.2,0.9,1.0,1.0,1.0,0.9,'2027-10-04'
821,5.0,1.5,0.2,0.7,0.1,0.4,'2024-03-22'
822,1.0,0.3,1.0,1.0,5.0,1.5,'2026-05-03'
823,1.0,1.0,0.5,0.7,2.0,0.9,'2029-07-26'
824,0.5,1.5,0.1,1.0,0.5,2.0,'2025-12-27'
825,0.5,0.4,5.0,0.3,2.0,1.0,'2023-07-21'
826,5.0,0.9,0.5,0.7,0.1,0.4,'2027-06-02'
827,1.0,2.0,1.0,0.5,5.0,0.1,'2024-07-11'
828,0.1,0.2,5.0,0.8,5.0,0.6,'2028-09-30'
829,0.2,1.5,0.5,0.2,0.5,0.8,'2024-06-20'
830,2.0,0.8,0.2,0.3,0.1,0.1,'2027-10-07'
831,5.0,0.5,2.0,0.5,2.0,1.2,'2023-05-06'
832,0.1,0.9,0.5,0.3,0.2,0.3,'2029-07-08'
833,0.2,2.0,2.0,0.6,2.0,0.2,'2029-05-17'
834,0.5,1.5,0.5,0.2,0.1,0.1,'2028-04-06'
835,0.1,0.1,1.0,0.5,2.0,0.4,'2025-08-18'
836,2.0,0.6,2.0,0.2,5.0,0.4,'2026-09-14'
837,5.0,0.5,0.1,1.0,0.1,0.7,'2029-08-03'
838,0.5,1.0,0.2,1.0,5.0,0.5,'2028-03-18'
839,0.5,0.5,2.0,0.5,0.5,0.1,'2029-03-01'
840,0.5,0.1,0.2,0.9,2.0,0.9,'2023-03-13'
841,0.5,0.7,0.1,0.9,0.5,0.9,'2028-05-19'
842,0.2,1.0,5.0,0.9,0.1,0.6,'2027-03-31'
843,2.0,0.5,0.1,1.2,0.5,0.7,'2023-07-24'
844,0.5,0.7,0.2,0.8,0.5,0.7,'2028-06-07'
845,0.1,0.8,0.1,0.8,1.0,2.0,'2028-02-12'
846,2.0,0.3,5.0,1.0,1.0,1.2,'2026-12-23'
847,0.5,0.9,2.0,0.2,1.0,1.0,'2024-07-23'
848,2.0,0.3,0.5,0.5,1.0,1.5,'2029-01-10'
849,0.5,0.3,0.2,1.2,0.2,0.8,'2024-08-16'
850,2.0,0.9,0.2,1.2,1.0,2.0,'2026-09-23'
851,5.0,0.5,0.2,0.7,2.0,2.0,'2025-10-15'
852,1.0,0.9,0.1,0.3,0.1,0.5,'2025-04-25'
853,1.0,0.9,0.5,0.8,0.5,0.4,'2027-01-18'
854,5.0,0.6,2.0,0.8,0.5,0.5,'2027-04-26'
855,0.2,0.3,5.0,1.0,0.5,1.5,'2026-12-18'
856,2.0,0.8,0.1,0.6,0.5,2.0,'2025-02-04'
857,1.0,0.1,0.1,1.0,0.5,0.3,'2029-11-08'
858,0.2,0.8,1.0,0.3,0.2,1.2,'2029-01-14'
859,1.0,0.3,2.0,0.8,2.0,0.7,'2029-07-22'
860,0.5,0.8,2.0,0.6,5.0,0.4,'2029-02-03'
861,0.5,0.3,2.0,1.2,2.0,1.0,'2028-06-19'
862,0.1,0.8,0.2,1.2,2.0,0.4,'2027-01-26'
863,0.5,0.3,2.0,0.8,5.0,0.5,'2024-03-24'
864,0.2,0.2,1.0,0.5,0.1,0.8,'2027-05-27'
865,0.2,0.5,2.0,2.0,0.5,0.4,'2028-11-24'
866,0.1,1.5,5.0,0.8,0.5,0.9,'2027-03-22'
867,0.1,1.2,0.5,0.2,0.1,0.8,'2027-04-20'
868,2.0,1.0,0.2,0.3,0.1,1.0,'2027-06-11'
869,5.0,0.1,2.0,0.3,0.5,1.5,'2029-05-21'
870,0.1,2.0,5.0,0.5,0.2,0.6,'2026-08-19'
871,0.5,1.2,0.2,0.7,0.5,0.7,'2028-10-18'
872,0.1,0.8,1.0,0.5,2.0,1.2,'2028-09-26'
873,0.5,2.0,2.0,0.6,1.0,0.2,'2029-05-21'
874,0.1,1.0,2.0,0.6,0.1,0.7,'2023-04-11'
875,2.0,0.3,0.1,1.0,2.0,0.6,'2029-07-11'
876,0.5,0.1,0.2,0.4,0.5,0.6,'2026-12-03'
877,0.2,0.7,0.2,0.5,0.1,2.0,'2025-02-18'
878,0.2,1.5,0.5,0.5,0.5,0.7,'2029-12-27'
879,2.0,1.2,2.0,0.6,1.0,0.5,'2029-03-11'
880,0.1,0.9,2.0,0.6,5.0,0.2,'2029-11-12'
881,0.5,0.1,0.5,0.9,0.1,0.2,'2029-03-19'
882,5.0,0.2,0.2,0.1,0.5,0.9,'2023-11-27'
883,2.0,0.5,2.0,0.9,2.0,0.5,'2028-05-23'
884,2.0,1.2,5.0,0.4,1.0,1.0,'2028-11-25'
885,0.2,2.0,1.0,0.3,0.1,0.5,'2024-01-18'
886,2.0,2.0,0.1,1.0,0.2,0.4,'2026-06-04'
887,0.5,0.5,1.0,0.7,0.2,0.2,'2029-06-07'
888,1.0,1.0,0.5,2.0,0.1,0.7,'2029-06-20'
889,0.1,0.2,1.0,0.8,1.0,0.5,'2025-11-21'
890,0.2,1.2,0.1,0.6,5.0,0.4,'2023-02-03'
891,1.0,2.0,1.0,2.0,1.0,0.2,'2026-03-24'
892,0.2,1.5,0.1,0.3,0.2,0.5,'2024-05-26'
893,5.0,0.8,0.5,0.9,5.0,2.0,'2026-07-25'
894,0.1,0.8,2.0,1.5,0.5,0.2,'2024-01-22'
895,0.5,0.4,5.0,0.1,0.1,0.9,'2026-10-17'
896,1.0,0.3,5.0,0.5,0.2,0.5,'2026-04-18'
897,5.0,0.3,0.1,0.4,0.2,0.8,'2023-10-15'
898,0.2,0.1,0.2,0.1,5.0,0.2,'2025-10-27'
899,0.5,2.0,1.0,0.3,0.1,0.6,'2029-08-22'
900,0.2,0.9,2.0,1.0,2.0,0.1,'2028-11-16'
901,5.0,0.8,0.2,1.0,0.1,1.5,'2024-05-09'
902,0.5,0.9,0.2,0.3,0.2,0.5,'2029-03-09'
903,1.0,0.4,1.0,1.0,0.5,2.0,'2028-07-28'
904,1.0,0.4,0.1,0.9,5.0,1.0,'2028-12-24'
905,0.2,0.8,0.1,1.2,5.0,2.0,'2025-08-30'
906,0.2,0.9,0.2,0.4,0.1,0.8,'2027-05-03'
907,0.1,0.2,0.1,0.4,2.0,0.6,'2026-12-19'
908,0.2,1.5,5.0,0.4,5.0,0.3,'2029-11-23'
909,0.5,1.2,0.5,0.7,0.1,0.8,'2028-07-19'
910,0.2,2.0,0.2,1.5,2.0,0.2,'2023-03-23'
911,0.2,0.6,0.2,1.5,2.0,0.2,'2023-10-22'
912,5.0,0.1,1.0,1.5,0.2,1.5,'2028-10-11'
913,0.5,0.1,5.0,0.2,2.0,0.8,'2028-05-31'
914,1.0,0.4,2.0,0.3,5.0,0.7,'2029-08-29'
915,0.2,0.1,0.1,0.2,5.0,2.0,'2026-09-11'
916,5.0,0.8,0.2,2.0,0.1,0.8,'2023-10-29'
917,0.2,2.0,0.1,2.0,2.0,1.0,'2025-08-26'
918,0.2,0.1,0.5,0.4,0.2,0.1,'2028-02-09'
919,0.2,0.7,0.2,0.5,5.0,0.1,'2026-03-17'
920,0.2,0.5,0.2,0.9,0.2,1.2,'2029-03-16'
921,5.0,0.3,0.2,0.2,0.2,0.6,'2028-05-01'
922,0.1,0.4,0.1,0.3,2.0,0.5,'2023-11-21'
923,0.2,0.3,5.0,2.0,1.0,0.8,'2025-03-14'
924,0.1,1.2,0.1,0.1,0.2,0.4,'2025-05-19'
925,1.0,0.5,1.0,0.4,1.0,1.0,'2023-03-18'
926,5.0,0.8,1.0,0.8,2.0,2.0,'2023-10-24'
927,0.1,0.6,0.5,0.9,5.0,0.6,'2024-12-20'
928,5.0,1.5,0.5,1.0,0.5,0.8,'2023-03-15'
929,0.2,0.5,2.0,0.3,0.2,0.4,'2025-08-22'
930,0.1,0.7,5.0,0.1,2.0,0.1,'2028-10-04'
931,5.0,0.9,0.2,0.6,2.0,0.8,'2027-01-23'
932,0.2,0.4,0.1,0.7,2.0,0.5,'2027-02-02'
933,0.2,1.0,0.1,1.0,5.0,0.9,'2025-04-26'
934,2.0,0.8,1.0,0.3,0.5,0.6,'2026-09-07'
935,1.0,0.5,1.0,1.0,0.2,0.7,'2029-07-22'
936,0.1,0.5,5.0,2.0,0.5,0.4,'2026-06-13'
937,0.1,0.9,1.0,0.3,0.5,0.2,'2027-03-13'
938,0.1,1.2,1.0,1.5,0.2,1.5,'2024-07-06'
939,0.1,0.6,2.0,0.8,0.5,0.8,'2029-01-18'
940,5.0,2.0,0.1,0.4,0.5,2.0,'2026-03-29'
941,2.0,0.9,5.0,1.2,5.0,0.3,'2024-08-13'
942,1.0,0.6,1.0,1.2,0.2,1.0,'2024-06-27'
943,1.0,1.0,0.5,1.2,0.2,0.7,'2028-08-02'
944,0.2,0.8,0.1,0.6,0.5,0.1,'2025-07-03'
945,0.2,0.4,0.5,1.2,1.0,0.4,'2028-10-02'
946,2.0,0.5,2.0,1.5,1.0,0.9,'2029-11-19'
947,2.0,1.0,1.0,2.0,0.5,2.0,'2025-03-20'
948,0.1,0.5,0.2,0.3,0.2,0.9,'2029-11-03'
949,0.2,1.2,0.2,1.5,0.1,1.0,'2026-11-21'
950,1.0,0.8,2.0,1.0,2.0,2.0,'2029-06-19'
951,0.5,0.2,2.0,0.7,1.0,0.2,'2025-12-27'
952,0.1,0.3,0.1,0.2,2.0,2.0,'2026-09-04'
953,0.5,2.0,5.0,0.5,0.5,0.8,'2023-08-01'
954,0.5,0.1,5.0,0.9,2.0,0.5,'2025-12-26'
955,1.0,0.4,0.2,0.2,0.5,0.1,'2027-04-21'
956,1.0,0.3,5.0,0.3,0.5,0.5,'2024-09-02'
957,2.0,0.8,0.5,0.2,0.1,0.2,'2029-12-30'
958,2.0,0.2,1.0,0.7,1.0,0.2,'2029-07-15'
959,1.0,0.3,1.0,0.1,0.2,0.1,'2023-02-02'
960,5.0,0.3,5.0,0.4,1.0,1.5,'2023-12-21'
961,0.1,2.0,0.2,0.6,0.2,0.5,'2026-11-13'
962,1.0,2.0,2.0,0.2,2.0,0.7,'2024-05-18'
963,0.1,1.2,0.5,0.6,5.0,1.2,'2026-07-28'
964,5.0,1.2,0.5,0.9,2.0,0.5,'2027-01-07'
965,1.0,0.1,1.0,0.3,1.0,0.1,'2023-11-10'
966,0.5,1.0,0.2,2.0,0.1,0.1,'2026-11-15'
967,0.2,0.7,1.0,0.4,2.0,0.5,'2027-04-03'
968,0.2,1.0,0.2,0.8,0.1,0.8,'2027-12-29'
969,1.0,0.3,5.0,0.3,0.5,1.0,'2023-04-04'
970,0.1,0.1,2.0,1.2,1.0,0.1,'2023-04-17'
971,0.1,1.2,2.0,0.5,1.0,0.5,'2026-08-06'
972,0.1,1.5,0.1,1.0,0.1,0.5,'2023-05-30'
973,0.1,0.8,0.1,2.0,5.0,0.1,'2028-09-15'
974,2.0,0.4,5.0,0.2,1.0,1.5,'2028-12-08'
975,1.0,0.4,0.2,0.1,0.5,0.5,'2024-05-25'
976,5.0,0.5,1.0,2.0,0.1,1.0,'2029-04-25'
977,0.5,1.5,2.0,0.8,5.0,1.0,'2028-12-22'
978,2.0,0.7,0.5,0.9,1.0,2.0,'2029-09-11'
979,0.1,0.4,2.0,0.7,2.0,0.7,'2026-01-25'
980,0.1,0.9,2.0,2.0,0.1,0.6,'2025-02-03'
981,0.1,0.9,0.1,0.4,1.0,0.9,'2027-09-26'
982,1.0,0.5,0.2,0.4,5.0,1.5,'2028-11-27'
983,1.0,0.8,5.0,0.8,2.0,0.1,'2027-01-24'
984,1.0,0.6,0.2,0.4,0.1,1.0,'2024-05-01'
985,0.2,1.0,0.5,0.3,0.2,0.9,'2028-02-17'
986,2.0,2.0,0.5,0.3,2.0,2.0,'2028-09-19'
987,2.0,0.6,0.1,1.2,0.5,0.5,'2023-11-17'
988,0.2,0.2,0.5,0.8,0.1,1.2,'2025-06-14'
989,2.0,0.3,0.1,0.3,0.2,1.5,'2027-11-09'
990,2.0,0.7,0.1,0.4,2.0,1.2,'2024-01-09'
991,1.0,0.6,0.2,0.4,1.0,1.2,'2025-12-21'
992,0.1,0.5,0.2,0.9,0.5,0.8,'2026-11-15'
993,0.2,0.3,0.5,0.4,0.2,0.3,'2027-01-09'
994,0.1,2.0,5.0,2.0,0.2,0.7,'2025-08-28'
995,1.0,0.4,1.0,2.0,5.0,0.6,'2029-10-01'
996,0.2,0.4,2.0,0.4,0.2,1.2,'2029-01-30'
997,5.0,0.2,1.0,0.2,5.0,0.4,'2028-01-24'
998,1.0,0.6,5.0,0.8,0.2,1.0,'2029-08-11'
